No,Nama Pemasok Lama,Nama Pemasok Baru (Master)
1,[CS] ACCESORIES BU INA,[CS] ACCESORIES BU INA
2,[CS] AGEN AIR/GAS/TELUR,[CS] AGEN AIR/GAS/TELUR
3,[CS]  AMIDIS,[CS] AMIDIS
4,[CS] ARSY GAS,[CS] ARSY GAS
5,[CS] BELANJA,[CS] BELANJA
6,[CS] BELANJAAN,[CS] BELANJAAN
7,[CS] BELANJAAN BANDUNG,[CS] BELANJAAN BANDUNG
8,[CS] BINTANG TIMUR,[CS] BINTANG TIMUR
9,[CS] FAMILY AQUA,[CS] FAMILY AQUA
10,[CS] GUNA LAYAN KUASA,[CS] GUNA LAYAN KUASA
11,[CS] IBU HAJI,[CS] IBU HAJI
12,[CS] KEMBAR JAYA,[CS] KEMBAR JAYA
13,[CS] PD BARU,[CS] PD BARU
14,[CS] PT.PENTA PALENT,[CS] PENTA PALENT
15,[CS] PT. QL AGROFOOD,[CS] QL AGROFOOD
16,[CS] RAHAYU,[CS] RAHAYU
17,[CS] RAYI RAKA PT,[CS] RAYI RAKA
18,[CS] RPF,[CS] RPF
19,"[CS] SUMBER CIPTA MULTI NIAGA, PT/DJARUM","[CS] SUMBER CIPTA MULTI NIAGA, PT/DJARUM"
20,[CS] TARUNA KUSUMA PURINUSA,[CS] TARUNA KUSUMA PURINUSA
21,[CS] TEH ASNI,[CS] TEH ASNI
22,[CS] TOKO PADA MULIA,[CS] TOKO PADA MULIA
23,[FP] ACHIEVEMENT ABADI LOGISTIK,[FP] ACHIEVEMENT ABADI LOGISTIK
24,[FP] ADHI DHARMA @AJINOMOTO,[FP] ADHI DHARMA SENTOSA
25,[FP] ADHI DARMA SENTOSA @MAMAMIA,[FP] ADHI DHARMA SENTOSA
26,[FP] ADHI DARMA SENTOSA @MARHMALLOW,[FP] ADHI DHARMA SENTOSA
27,[FP] ADHI DHARMA SENTOSA,[FP] ADHI DHARMA SENTOSA
28,[FP] ADHI DHARMA SENTOSA @AJINOMOTO,[FP] ADHI DHARMA SENTOSA
29,[FP] ADHI DHARMA SENTOSA @CIMORY,[FP] ADHI DHARMA SENTOSA
30,[FP] ALFRED RETAIL SOLUSINDO,[FP] ALFRED RETAIL SOLUSINDO
31,[FP] AMANAH,[FP] AMANAH
32,[FP] ANEKA DASUIB JAYA,[FP] ANEKA DASUIB JAYA
33,[FP] ANEKA JAYA PD,[FP] ANEKA JAYA PD
34,[FP] ANEKA USAHA PT.,[FP] ANEKA USAHA
35,[FP] PT.ANEKA USAHA,[FP] ANEKA USAHA
36,[FP]  ANEKA USAHA WE CARE,[FP] ANEKA USAHA
37,[FP] ANTAR MITRA SEMBADA,[FP] ANTAR MITRA SEMBADA
38,[FP] ANUGERAH ARGON MEDICA,[FP] ANUGERAH ARGON MEDICA
39,[FP] PT. ANUGERAH GLOBAL DIS  @PIGEON,[FP] ANUGERAH GLOBAL DISTRIBUSI
40,[FP] ANUGERAH GLOBAL DISTRIBUSI,[FP] ANUGERAH GLOBAL DISTRIBUSI
41,[FP] PT.ANUGERAH GLOBAL DISTRIBUSI,[FP] ANUGERAH GLOBAL DISTRIBUSI
42,[FP] ANUGRAH BOGA FROZINDO,[FP] ANUGRAH BOGA FROZINDO
43,[FP] PT.ANUGRAH GLOBAL DISTRIBUSI @ PIGEON,[FP] ANUGERAH GLOBAL DISTRIBUSI
44,[FP] ANUGRAH PHARMINDO LESTARI,[FP] ANUGRAH PHARMINDO LESTARI
45,[FP] PT. ARAS DISTRIBUSI INDONESIA @REGAL,[FP] ARAS DISTRIBUSI INDONESIA
46,[FP] PT.ARAS DISTRIBUSI INDONESIA @ REGAL,[FP] ARAS DISTRIBUSI INDONESIA
47,[FP] ARROW CHAINT MANAGEMENT DISTRIBUSI,[FP] ARROW CHAINT MANAGEMENT DISTRIBUSI
48,[FP] ARTA BOGA CEMERLANG.PT,[FP] ARTA BOGA CEMERLANG
49,[FP] PT.ARTA BOGA CEMERLANG,[FP] ARTA BOGA CEMERLANG
50,[FP] PT ASABA @ANEKA SAKTI BAKTI,[FP] ASABA
51,[FP] ASIA PARAMITA INDAH,[FP] ASIA PARAMITHA INDAH
52,[FP] ASIA PARAMITHA INDAH @GATSBY,[FP] ASIA PARAMITHA INDAH
53,[FP] ASTAGUNA WISESA,[FP] ASTAGUNA WISESA
54,[FP] AURUM LITINDO SEJAHTERA @RIVERA,[FP] AURUM LITINDO SEJAHTERA
55,[FP] BANGAU SARI MEGA JAYA,[FP] BANGAU SARI MEGA JAYA
56,[FP] BERKAT LANCAR SEJAHTERA,[FP] BERKAT LANCAR SEJAHTERA
57,[FP] CV.BERKAT LANCAR SEJAHTERA,[FP] BERKAT LANCAR SEJAHTERA
58,[FP] BINA SAN PRIMA,[FP] BINA SAN PRIMA
59,[FP] BINA SAN PRIMA @BAYGON,[FP] BINA SAN PRIMA
60,"[FP] BINA SAN PRIMA @ENFAMIL,ENFAGROW",[FP] BINA SAN PRIMA
61,[FP] BINA SAN PRIMA @FF,[FP] BINA SAN PRIMA
62,[FP] BINA SAN PRIMA @LARUTAN,[FP] BINA SAN PRIMA
63,[FP] BINA SAN PRIMA @NIVEA,[FP] BINA SAN PRIMA
64,[FP] BINA SAN PRIMA @NUTRIFOOD,[FP] BINA SAN PRIMA
65,[FP] BOLESCA FOODINDO,[FP] BOLESCA FOODINDO
66,[FP] BORWITA CITRA PRIMA,[FP] BORWITA CITRA PRIMA
67,[FP] BORWITA CITRA PRIMA PT.,[FP] BORWITA CITRA PRIMA
68,[FP] PT.BORWITA CITRA PRIMA,[FP] BORWITA CITRA PRIMA
69,[FP] BUKIT INTI MAKMUR PT,[FP] BUKIT INTI MAKMUR ABADI
70,[FP] BUKIT INTI MAKMUR ABADI,[FP] BUKIT INTI MAKMUR ABADI
71,[FP] BUNNY SUKSES,[FP] BUNNY SUKSES
72,[FP] CAHAYA DISTRIBUSI PERADABAN,[FP] CAHAYA DISTRIBUSI PERADABAN
73,[FP] CAHAYA INTI PUTRA SEJAHTERA,[FP] CAHAYA INTI PUTRA SEJAHTERA
74,[FP] CAKRA DAYA MAKMUR,[FP] CAKRA DAYA MAKMUR
75,"[FP] CAMPINA ICE CREAM,PT",[FP] CAMPINA ICE CREAM
76,[FP] CATUR SENTOSA ANUGERAH  @PASEO,[FP] CATUR SENTOSA ANUGERAH
77,[FP] CATUR SENTOSA ANUGERAH @CUSSON,[FP] CATUR SENTOSA ANUGERAH
78,[FP] CATUR SENTOSA ANUGERAH @ESKULIN,[FP] CATUR SENTOSA ANUGERAH
79,[FP] CATUR SENTOSA ANUGERAH @FC,[FP] CATUR SENTOSA ANUGERAH
80,[FP] CATUR SENTOSA ANUGERAH @K3,[FP] CATUR SENTOSA ANUGERAH
81,[FP] CATUR SENTOSA ANUGERAH @KEP JENGGOT,[FP] CATUR SENTOSA ANUGERAH
82,[FP] CATUR SENTOSA ANUGERAH @MUSTIKA RATU,[FP] CATUR SENTOSA ANUGERAH
83,[FP] CATUR SENTOSA ANUGERAH @SASHA,[FP] CATUR SENTOSA ANUGERAH
84,[FP] CATUR SENTOSA ANUGERAH @SILVERQ,[FP] CATUR SENTOSA ANUGERAH
85,[FP] CATUR SENTOSA ANUGERAH @SWEETY,[FP] CATUR SENTOSA ANUGERAH
86,[FP] CATUR SENTOSA ANUGERAH @TISU,[FP] CATUR SENTOSA ANUGERAH
87,[FP] CENTRA RASA HARUM PT,[FP] CENTRA RASA HARUM
88,[FP] CHAROEN POKHPHAND INDONESIA @FIESTA,[FP] CHAROEN POKHPHAND INDONESIA
89,[FP] CIPTA MANDIRI SEJAHTERA,[FP] CIPTA MANDIRI SEJAHTERA
90,[FP] CIPTA NIAGA SEJAHTERA @BISKUIT,[FP] CIPTA NIAGA SEJAHTERA
91,[FP] CIPTA NIAGA SEJAHTERA @DRINK,[FP] CIPTA NIAGA SEJAHTERA
92,[FP] CIPTA NIAGA SEJAHTERA @GENTLEGEN,[FP] CIPTA NIAGA SEJAHTERA
93,[FP] CIPTA NIAGA SEJAHTERA @KOPI,[FP] CIPTA NIAGA SEJAHTERA
94,[FP] CIPTA NIAGA SEJAHTERA @MAYORA,[FP] CIPTA NIAGA SEJAHTERA
95,[FP] CIPTA NIAGA SEJAHTERA @MIE,[FP] CIPTA NIAGA SEJAHTERA
96,[FP] COCA COLA DISTRIBUSI INDONESIA,[FP] COCA COLA DISTRIBUSI INDONESIA
97,[FP] CSA  @SILVERQUEEN,[FP] CATUR SENTOSA ANUGERAH
98,[FP] CSA @TEH KEPALA DJENGGOT,[FP] CATUR SENTOSA ANUGERAH
99,[FP] DAIRY FOOD PT,[FP] DAIRY FOOD
100,[FP] DENISA MARINAS UTAMA,[FP] DENISA MARINAS UTAMA
101,[FP] DENISSA MARINAS UTAMA @IDEAL & FLUFFY,[FP] DENISA MARINAS UTAMA
102,[FP] DEPRIJEIZ DWI UTAMA,[FP] DEPRIJEIZ DWI UTAMA
103,[FP] DEPRIJEIZ DWI UTAMA  @FANBO,[FP] DEPRIJEIZ DWI UTAMA
104,[FP] DEPRIJEIZ DWI UTAMA  @OTO,[FP] DEPRIJEIZ DWI UTAMA
105,[FP] DEPRIJEIZ SWI UTAMA @BISKIES,[FP] DEPRIJEIZ DWI UTAMA
106,[FP] DIMAS JAYA KUSUMA HORI,[FP] DIMAS JAYA KUSUMA HORI
107,[FP] DINUS CIPTA MANDIRI @BUDI JAM & MARSMALLOW,[FP] DINUS CIPTA MANDIRI
108,[FP] DISTRIBUSI INDONESIA JAYA,[FP] DISTRIBUSI INDONESIA JAYA
109,[FP] DISTRIVERSA BUANA MANDIRI,[FP] DISTRIVERSA BUANA MANDIRI
110,[FP] PT.DISTRIVERSA BUANAMAS @,[FP] DISTRIVERSA BUANA MANDIRI
111,[FP] DODO JAYA ABADI,[FP] DODO JAYA ABADI
112,"[FP] DOS NI ROHA, PT",[FP] DOS NI ROHA
113,[FP] DUTA LESTARI SENTRATAMA,[FP] DUTA LESTARI SENTRATAMA
114,[FP]  PT.ENSEVAL PUTRA MEGATRADING  @MORINAGA,[FP] ENSEVAL PUTRA MEGATRADING
115,[FP] ENSEVAL PUTRA MEGATRADING @FARMASI,[FP] ENSEVAL PUTRA MEGATRADING
116,[FP] ENSEVAL PUTRA MEGATRADING @MIX,[FP] ENSEVAL PUTRA MEGATRADING
117,[FP] ENSEVAL PUTRA MEGATRADING @MORINAGA,[FP] ENSEVAL PUTRA MEGATRADING
118,[FP] ENSEVAL PUTRA MEGATRADING @PERMEN,[FP] ENSEVAL PUTRA MEGATRADING
119,[FP] ENSEVAL PUTRA MEGATRADING @SUSU,[FP] ENSEVAL PUTRA MEGATRADING
120,[FP] FABER CASTLE INTI INDONESIA,[FP] FABER CASTLE INTI INDONESIA
121,[FP] FASTRATA BUANA,[FP] FASTRATA BUANA
122,[FP] FASTRATA BUANA SEASON,[FP] FASTRATA BUANA
123,[FP] FOCUS TINDO CEMERLANG,[FP] FOCUS TINDO CEMERLANG
124,[FP] FORTEA NUSAPERSADA,[FP] FORTEA NUSAPERSADA
125,[FP] GIRI PUTRA,[FP] GIRI PUTRA PRATAMA
126,[FP] GIRI PUTRA PRATAMA,[FP] GIRI PUTRA PRATAMA
127,[FP]  PT.GITA MULTI NIAGA  @DEE-2,[FP] GITA MULTI NIAGA
128,[FP] GONUSA PRIMA DISTRIBUSI,[FP] GONUSA PRIMA DISTRIBUSI
129,"[FP] GRAHA PRIMA MENTARI, TBK","[FP] GRAHA PRIMA MENTARI, TBK"
130,[FP] GRAZIA MAKMUR SEJAHTERA WONGLOKAT,[FP] GRAZIA MAKMUR SEJAHTRA
131,[FP] PT GRAZIA MAKMUR SEJAHTRA,[FP] GRAZIA MAKMUR SEJAHTRA
132,[FP] HABIBI MANDIRI,[FP] HABIBI MANDIRI
133,[FP] CV.HARAPAN MANDIRI     @DEKA,[FP] HARAPAN MANDIRI
134,[FP] HARAPAN MANDIRI @CUSSON,[FP] HARAPAN MANDIRI
135,[FP] HARAPAN MANDIRI @DUA KELINCI,[FP] HARAPAN MANDIRI
136,[FP] HARAPAN MANDIRI @MI UMI,[FP] HARAPAN MANDIRI
137,[FP] HARAPAN MANDIRI @VIVA,[FP] HARAPAN MANDIRI
138,[FP] CV. HARAPAN MANDIRI SUKABUMI @VIVA,[FP] HARAPAN MANDIRI
139,[FP] HASTA LESTARI JAYA PT,[FP] HASTA LESTARI JAYA
140,[FP] HERALDI BAWANA INMARK,[FP] HERALDI BAWANA INMARK
141,[FP] INDIPAR/GKU,[FP] INDIPAR
142,[FP] INDOLAKTO [INDO ICE CREAM],[FP] INDOLAKTO [INDO ICE CREAM]
143,[FP] INDOMARCO @SCOTCH ID,[FP] INDOMARCO ADI PRIMA
144,[FP] INDOMARCO ADI PRIMA @INDOMILK,[FP] INDOMARCO ADI PRIMA
145,"[FP] INDOMARCO ADI PRIMA,PT",[FP] INDOMARCO ADI PRIMA
146,[FP] INDOMOP MULTI MAKMUR,[FP] INDOMOP MULTI MAKMUR
147,[FP] PT INDOMOP MULTI MAKMUR,[FP] INDOMOP MULTI MAKMUR
148,[FP] PT. INDOPRIMA /CIMORY,[FP] INDOPRIMA SEMESTA
149,[FP] INDOPRIMA SEMESTA,[FP] INDOPRIMA SEMESTA
150,[FP] INDOPRIMA SEMESTA @BON CABE,[FP] INDOPRIMA SEMESTA
151,[FP] INDOPRIMA SEMESTA @LEMONILO,[FP] INDOPRIMA SEMESTA
152,[FP] INDOPRIMA SEMESTA @MC LEWIS,[FP] INDOPRIMA SEMESTA
153,[FP] INDOPRIMA SEMESTA @POKANA,[FP] INDOPRIMA SEMESTA
154,[FP] INDOSARI NIAGA NUSANTARA,[FP] INDOSARI NIAGA NUSANTARA
155,[FP] INTER GLOBE PERKASA,[FP] INTER GLOBE PERKASA
156,[FP] PT.JAGARA RAYA BUANA/KINO NASTAR,[FP] JAGARA RAYA BUANA/KINO NASTAR
157,[FP] JAPFA FOOD INDONESIA,[FP] JAPFA FOOD INDONESIA
158,[FP] JAPFA FOOD INDONESIA (SO GOOD),[FP] JAPFA FOOD INDONESIA
159,[FP] PT.JAPFA FOOD INDONESIA @FROZEN,[FP] JAPFA FOOD INDONESIA
160,[FP] JAYA BAKTI RAHARJA,[FP] JAYA BAKTI RAHARJA
161,[FP] PT JAYA BAKTI RAHARJA,[FP] JAYA BAKTI RAHARJA
162,[FP] JAYA MAKMUR MANDIR CV,[FP] JAYA MAKMUR MANDIR CV
163,[FP] JAYA SEGAR ABADI,[FP] JAYA SEGAR ABADI
164,[FP] CV.JAZA VENUS @CUSSONS,[FP] JAZA VENUS
165,[FP] JAZA VENUS,[FP] JAZA VENUS
166,[FP] JESSINDO PRAKARSA @DOLPHIN,[FP] JESSINDO PRAKARSA
167,[FP] JESSINDO PRAKARSA @FF,[FP] JESSINDO PRAKARSA
168,[FP] JESSINDO PRAKARSA @HATARI,[FP] JESSINDO PRAKARSA
169,[FP] JESSINDO PRAKARSA @KARA,[FP] JESSINDO PRAKARSA
170,[FP] JESSINDO PRAKARSA @KUSUKA,[FP] JESSINDO PRAKARSA
171,[FP] JESSINDO PRAKARSA @MR.P,[FP] JESSINDO PRAKARSA
172,[FP] JESSINDO PRAKARSA @PADIMAS,[FP] JESSINDO PRAKARSA
173,[FP] JESSINDO PRAKARSA @SANIA,[FP] JESSINDO PRAKARSA
174,[FP] JESSINDO PRAKARSA @SEASONAL,[FP] JESSINDO PRAKARSA
175,[FP] JONI JAYA @FOX,[FP] JONI JAYA
176,[FP] KARTIKA WIRA ADISUKSES,[FP] KARTIKA WIRA ADISUKSES
177,[FP] KARTINI TEH NASIONAL,[FP] KARTINI TEH NASIONAL
178,[FP] KEMBAR JAYA/MULIA MULTI M,[FP] KEMBAR JAYA/MULIA MULTI M
179,[FP] KOTA BARU,[FP] KOTA BARU
180,[FP] KREASI INTI USAHA,[FP] KREASI INTI USAHA
181,[FP] KUJANG MARINAS UTAMA NESTLE,[FP] KUJANG MARINAS UTAMA NESTLE
182,[FP] KWANGCHEON KIM INDONESIA @NORIGO,[FP] KWANGCHEON KIM INDONESIA
183,[FP] LUCKY MOM IND.,[FP] LUCKY MOM IND
184,[FP] LUSTY BUNNY,[FP] BUNNY SUKSES
185,[FP] MADISTRINDO MAKMUR,[FP] MADISTRINDO MAKMUR
186,[FP] MAKMUR MANDIRI  @UNILEVER,[FP] MAKMUR MANDIRI UTAMA
187,[FP]  MAKMUR MANDIRI UTAMA @HIT & STELLA,[FP] MAKMUR MANDIRI UTAMA
188,[FP]  MAKMUR MANDIRI UTAMA UNILEVERR@,[FP] MAKMUR MANDIRI UTAMA
189,[FP] MAKMUR MANDIRI UTAMA,[FP] MAKMUR MANDIRI UTAMA
190,[FP] MAKMUR MANDIRI UTAMA  @YEOS,[FP] MAKMUR MANDIRI UTAMA
191,[FP] MAKMUR MANDIRI UTAMA @CASABL,[FP] MAKMUR MANDIRI UTAMA
192,[FP] MAKMUR MANDIRI UTAMA @HANASUI,[FP] MAKMUR MANDIRI UTAMA
193,[FP] MAKMUR MANDIRI UTAMA @KINO,[FP] MAKMUR MANDIRI UTAMA
194,[FP] MAKMUR MANDIRI UTAMA @LAFONTE,[FP] MAKMUR MANDIRI UTAMA
195,[FP] MAKMUR MANDIRI UTAMA @LIFREE,[FP] MAKMUR MANDIRI UTAMA
196,[FP] MAKMUR MANDIRI UTAMA @MAMY POKO,[FP] MAKMUR MANDIRI UTAMA
197,[FP] MAKMUR MANDIRI UTAMA @MUSTIKA RATU,[FP] MAKMUR MANDIRI UTAMA
198,[FP] MAKMUR MANDIRI UTAMA @STELLA & HIT,[FP] MAKMUR MANDIRI UTAMA
199,[FP] MAKMUR MANDIRI UTAMA @UNILEVER,[FP] MAKMUR MANDIRI UTAMA
200,[FP] MANOHARA ASRI,[FP] MANOHARA ASRI
201,[FP] MARGA NUSANTARA JAYA,[FP] MARGA NUSANTARA JAYA
202,[FP] MASAMEDI INTIFARMINDO,[FP] MASAMEDI INTIFARMINDO
203,[FP] MASUYA GRAHA TRIKENCANA,[FP] MASUYA GRAHA TRIKENCANA
204,[FP] MEDAL QUEENINDO,[FP] MEDAL QUEENINDO
205,[FP] MEGA ARTHA SEMESTA,[FP] MEGA ARTHA SEMESTA
206,[FP] MEGA PERKASA,[FP] MEGA PERKASA
207,[FP] CV.MEGA PERKASA  DAHLIA,[FP] MEGA PERKASA
208,[FP] MENSA BINA SUKSES,[FP] MENSA BINA SUKSES
209,[FP] MISWAK UTAMA,[FP] MISWAK UTAMA
210,"[FP] MITRA BERKEMBANG SEJAHTERA,PT",[FP] MITRA BERKEMBANG SEJAHTERA
211,[FP] CV.MITRA INTI PERKASA,[FP] MITRA INTI PERKASA
212,[FP] MITRA INTI PERKASA,[FP] MITRA INTI PERKASA
213,[FP] PT.MITRA KARYA NUSAPERDANA,[FP] MITRA KARYA NUSAPERDANA
214,[FP] MITRA NIAGA @BISCUIT ROMA,[FP] MITRA NIAGA DISTRIBUSINDO
215,[FP] MITRA NIAGA @PUCUK & LE MINERAL,[FP] MITRA NIAGA DISTRIBUSINDO
216,[FP] MITRA NIAGA DISTRIBUSINDO @TORABIKA,[FP] MITRA NIAGA DISTRIBUSINDO
217,"[FP] MITRA NIAGA  M1 @BENG2,ZUPER,CWC,PERMEN",[FP] MITRA NIAGA DISTRIBUSINDO
218,[FP] MITRA PERIANGAN PERSADA @ABC,[FP] MITRA PRIANGAN PERSADA
219,[FP] MITRA PERIANGAN PERSADA @ABC&NU GREEN TEA,[FP] MITRA PRIANGAN PERSADA
220,[FP] MITRA PRIANGAN PERSADA  @ ABC HEINZ,[FP] MITRA PRIANGAN PERSADA
221,[FP] MITRA PRIANGAN PERSADA  @ANLENE,[FP] MITRA PRIANGAN PERSADA
222,[FP] MITRA PRIANGAN PERSADA @ARNOTTS,[FP] MITRA PRIANGAN PERSADA
223,[FP] MITRA PRIANGAN PERSADA @GOON,[FP] MITRA PRIANGAN PERSADA
224,[FP] MITRA PRIANGAN PERSADA @MIX,[FP] MITRA PRIANGAN PERSADA
225,[FP] MITRA PRIANGAN PERSADA @NU G.TEA,[FP] MITRA PRIANGAN PERSADA
226,[FP] MITRA SARANA DISTRINDO,[FP] MITRA SARANA DISTRINDO
227,[FP] MITRA SARANA PURNAMA,[FP] MITRA SARANA PURNAMA
228,[FP] MULIA DAMAI SEJAHTERA,[FP] MULIA DAMAI SEJAHTERA
229,[FP] MULTI PANGAN SEJAHTERA,[FP] MULTI PANGAN SEJAHTERA
230,[FP] MULTISARI LANGGENG JAYA,[FP] MULTISARI LANGGENG JAYA
231,[FP] MULTITREND INDO,[FP] MULTITREND INDO
232,[FP] MULYA RAYA FRESH,[FP] MULYA RAYA FRESH
233,[FP] NABILA KINGFISHER,[FP] NABILA KINGFISHER
234,[FP] NARAZA JAYA,[FP] NARAZA JAYA
235,[FP] PT.NORVUS,[FP] NORVUS
236,[FP] PAMI NYUR UTAMA,[FP] PAMI NYUR UTAMA
237,[FP] PANEN  MASINDO  JAYA,[FP] PANEN MASINDO JAYA
238,[FP] PANJUNAN @DALEZZ ROTI,[FP] PANJUNAN
239,[FP] PANJUNAN @DETTOL,[FP] PANJUNAN
240,[FP] PANJUNAN @ENER/EVER,[FP] PANJUNAN
241,[FP] PANJUNAN @G2G SUNTONE,[FP] PANJUNAN
242,[FP] PANJUNAN @ICHITAN,[FP] PANJUNAN
243,[FP] PANJUNAN @JOYDAY,[FP] PANJUNAN
244,[FP] PANJUNAN @KAO,[FP] PANJUNAN
245,[FP] PANJUNAN @KIN YOUGHRT,[FP] PANJUNAN
246,[FP] PANJUNAN @LASEGAR,[FP] PANJUNAN
247,[FP] PANJUNAN @NUTRIJEL,[FP] PANJUNAN
248,[FP] PANJUNAN @OREO,[FP] PANJUNAN
249,[FP] PANJUNAN @PIATTOS,[FP] PANJUNAN
250,[FP] PANJUNAN @PRISTINE,[FP] PANJUNAN
251,[FP] PANJUNAN @PRONAS,[FP] PANJUNAN
252,[FP] PANJUNAN @TARO,[FP] PANJUNAN
253,[FP] PT.PANJUNAN @GAGA,[FP] PANJUNAN
254,[FP] PT.PANJUNAN @ICHITAN,[FP] PANJUNAN
255,[FP] PT.PANJUNAN FOODS (ROTI),[FP] PANJUNAN
256,[FP] PANTI KOSMETIK BARU /CUSSON,[FP] PANTI KOSMETIKA BARU
257,[FP]  PT. PANTI KOSMETIKA BARU @ CUSSON,[FP] PANTI KOSMETIKA BARU
258,[FP]  PT.PANTI KOSMETIKA BARU (CUSSONS),[FP] PANTI KOSMETIKA BARU
259,[FP] PARAHIANGAN JAYA.PD,[FP] PARAHIANGAN JAYA.PD
260,[FP] PARAHIANGAN LESTARI,[FP] PARAHIANGAN LESTARI
261,[FP] PARAMA GLOBAL @WARDAH,[FP] PARAMA GLOBAL INSPIRA
262,[FP] PARAMA GLOBAL INSPIRA @BIODEF,[FP] PARAMA GLOBAL INSPIRA
263,[FP] PARAMA GLOBAL INSPIRA @EMINA,[FP] PARAMA GLOBAL INSPIRA
264,[FP] PARAMA GLOBAL INSPIRA @KAHF,[FP] PARAMA GLOBAL INSPIRA
265,[FP] PARAMA GLOBAL INSPIRA @OMG,[FP] PARAMA GLOBAL INSPIRA
266,[FP] PARAMA GLOBAL INSPIRA @WARDAH,[FP] PARAMA GLOBAL INSPIRA
267,[FP] PARIT PADANG,[FP] PARIT PADANG
268,[FP] PASIFIC HARVEST,[FP] PASIFIC HARVEST
269,[FP] PATNA LESTARI,[FP] PATNA LESTARI
270,[FP] PELINDA SARANA SUKSES,[FP] PELINDA SARANA SUKSES
271,[FP] PERFECT COMPANION INDONESIA @ME-O,[FP] PERFECT COMPANION INDONESIA
272,[FP] PERKEBUNAN NUSANTARA,[FP] PERKEBUNAN NUSANTARA
273,[FP] PERMATA SEJAHTERA @HATO,[FP] PERMATA SEJAHTERA
274,[FP] PINUS MERAH ABADI,[FP] PINUS MERAH ABADI
275,[FP] POLY USAHA SEJATI PT,[FP] POLY USAHA SEJATI
276,[FP] PORTO FOOD INDONESIA,[FP] PORTO FOOD INDONESIA
277,[FP] PT.PORTO FOOD INDONESIA,[FP] PORTO FOOD INDONESIA
278,[FP] PRAKARSA TUNGGAL INDONESIA,[FP] PRAKARSA TUNGGAL INDONESIA
279,[FP] PRESINDO CENTRAL.PT   @ONYX,[FP] PRESINDO CENTRAL
280,[FP] PRIMA DISTRIBUSI INDONESIA,[FP] PRIMA DISTRIBUSI INDONESIA
281,[FP] PRIMA RASA ABADI,[FP] PRIMA RASA ABADI
282,[FP] PRIMA RASA ABADI ?@WALLS,[FP] PRIMA RASA ABADI
283,[FP] PT PRIMAFOOD INT @RAISSA C,[FP] PRIMAFOOD INTERNATIONAL
284,[FP] PRIMAFOOD INTERNATIONAL,[FP] PRIMAFOOD INTERNATIONAL
285,[FP] PUTRA BUANA KARYATAMA,[FP] PUTRA BUANA KARYATAMA
286,[FP] CV.PUTRA SUMBER SARI @DANCOW,[FP] PUTRA SUMBER SARI
287,[FP] PUTRA SUMBER SARI  @ DANCOW,[FP] PUTRA SUMBER SARI
288,[FP]  PUTRI ABADI MAKMUR,[FP] PUTRI ABADI MAKMUR
289,[FP]  PUTRI DAYA USAHATAMA.PT,[FP] PUTRI DAYA USAHATAMA
290,[FP] PUTRI DAYA USAHATAMA,[FP] PUTRI DAYA USAHATAMA
291,[FP] RASA JUARA INDONESIA,[FP] RASA JUARA INDONESIA
292,[FP] RICKY ARTHA JAYA,[FP] RICKY ARTHA JAYA
293,[FP] RUKUN MITRA SEJATI @NESTLE/DANCOW,[FP] RUKUN MITRA SEJATI
294,[FP] CV SAHABAT,[FP] SAHABAT
295,[FP] CV.SAHABAT (YASMIN),[FP] SAHABAT
296,[FP] SAHABAT,[FP] SAHABAT
297,[FP] PT SAI INDONESIA,[FP] SAI INDONESIA
298,[FP] SAI INDONESIA PT,[FP] SAI INDONESIA
299,[FP] SAUDARA MITRA SEJAHTERA,[FP] SAUDARA MITRA SEJAHTERA
300,[FP] SAUDARA MITRA SEJAHTERA @CAP BADAK,[FP] SAUDARA MITRA SEJAHTERA
301,[FP] SAUDARA MITRA SEJAHTRA KAO,[FP] SAUDARA MITRA SEJAHTERA
302,[FP]  SAYAP MAS UTAMA.PT,[FP] SAYAP MAS UTAMA
303,[FP] SAYAP MAS UTAMA,[FP] SAYAP MAS UTAMA
304,[FP] SAYAP MAS UTAMA  @ICE CREAM,[FP] SAYAP MAS UTAMA
305,[FP] SAYAP MAS UTAMA.PT,[FP] SAYAP MAS UTAMA
306,[FP] SEKAWAN KOSMETIK WASANTRA,[FP] SEKAWAN KOSMETIK WASANTRA
307,[FP] SELOGAN MAKMUR JAYA,[FP] SELOGAN MAKMUR JAYA
308,[FP] SEMESTA DISTRIBUSI INDONESIA,[FP] SEMESTA DISTRIBUSI INDONESIA
309,[FP] SENTRAL SARI PRIMA SENTOSA,[FP] SENTRAL SARI PRIMA SENTOSA
310,[FP] SERAFOOD INDONESIA,[FP] SERAFOOD INDONESIA
311,[FP] SHUN  ICE PRATAMA,[FP] SHUN ICE PRATAMA
312,[FP]  CV.SINAR CAHAYA BINTANG,[FP] SINAR CAHAYA BINTANG
313,[FP] SINAR KHANDAGA LESTARI,[FP] SINAR KHANDAGA LESTARI
314,[FP] SINAR LESTARI ULTRINDO,[FP] SINAR LESTARI ULTRINDO
315,[FP] SINAR NIAGA SEASON,[FP] SINAR NIAGA SEJAHTERA
316,[FP] SINAR NIAGA SEJAHTERA,[FP] SINAR NIAGA SEJAHTERA
317,[FP] SINAR REJEKI,[FP] SINAR REJEKI
318,"[FP] SINAR REJEKI SM,PT.",[FP] SINAR REJEKI
319,[FP] SINAR SOSRO,[FP] SINAR SOSRO
320,[FP] PT. SINARMAS DISTRIBUSI NUSANTARA,[FP] SINARMAS DISTRIBUSI NUSANTARA
321,[FP] SINARMAS DISTRIBUSI NUSANTARA,[FP] SINARMAS DISTRIBUSI NUSANTARA
322,[FP] SINARMAS MARS WRIGLEY,[FP] SINARMAS DISTRIBUSI NUSANTARA
323,[FP] SINERGI MULTI DISTRINDO,[FP] SINERGI MULTI DISTRINDO
324,"[FP] SOWANTODI,PT",[FP] SOWANTODI
325,[FP] STARK,[FP] STARK
326,[FP] SUKABUMI RETAIL UTAMA,[FP] SUKABUMI RETAIL UTAMA
327,[FP]  PT.SUKANDA JAYA,[FP] SUKANDA DJAYA
328,[FP] SUKANDA DJAYA @HELLO PANDA,[FP] SUKANDA DJAYA
329,[FP] SUKANDA DJAYA PT,[FP] SUKANDA DJAYA
330,[FP] SUMBER PRIMA,[FP] SUMBER PRIMA
331,[FP] SURYA DONASIN  @GARNIER,[FP] SURYA DONASIN
332,[FP] SURYA DONASIN  @PURBASARI,[FP] SURYA DONASIN
333,[FP] SURYA DONASIN  VITALIS,[FP] SURYA DONASIN
334,[FP] SURYA DONASIN @ADEM KISPRAY,[FP] SURYA DONASIN
335,[FP] SURYA DONASIN @CAP LANG,[FP] SURYA DONASIN
336,[FP] SURYA DONASIN @HANSUI,[FP] SURYA DONASIN
337,[FP] SURYA DONASIN @INACO,[FP] SURYA DONASIN
338,[FP] SURYA DONASIN @JOHN,[FP] SURYA DONASIN
339,[FP] SURYA DONASIN @JOHNSON,[FP] SURYA DONASIN
340,[FP] SURYA DONASIN @KISPRAY,[FP] SURYA DONASIN
341,[FP] SURYA DONASIN @KISPRAY/ADEM SARI,[FP] SURYA DONASIN
342,[FP] SURYA DONASIN @MAMEN CHIPS TARO,[FP] SURYA DONASIN
343,[FP] SURYA DONASIN @MIX BOTAN,[FP] SURYA DONASIN
344,[FP] SURYA DONASIN @MOGU MOGU,[FP] SURYA DONASIN
345,[FP] SURYA DONASIN @OBAT,[FP] SURYA DONASIN
346,[FP] SURYA DONASIN @PURBASARI,[FP] SURYA DONASIN
347,[FP] SURYA DONASIN @REBO,[FP] SURYA DONASIN
348,[FP] SURYA DONASIN @SIANTAR TOP,[FP] SURYA DONASIN
349,[FP] SURYA DONASIN @VITALIS,[FP] SURYA DONASIN
350,[FP] PT.SURYA KEMENANGAN SEJAHTERA. @LATULIP,[FP] SURYA KEMENANGAN SEJAHTERA
351,[FP] SURYA KEMENANGAN SEJAHTERA @LATULIP,[FP] SURYA KEMENANGAN SEJAHTERA
352,[FP] TARUNA KUSUMA PUTRI,[FP] TARUNA KUSUMA PUTRI
353,[FP] TATA MAKMUR SEJAHTERA,[FP] TATA MAKMUR SEJAHTERA
354,[FP] TEMPO,[FP] TEMPO
355,[FP] TEMPO PT,[FP] TEMPO
356,[FP] TEMPO BEBELAC,[FP] TEMPO
357,[FP] TEMPO REVLON,[FP] TEMPO
358,[FP] TIGA RAKSA  @NUTRILON,[FP] TIGARAKSA SATRIA TBK
359,[FP] TIGA RAKSA  @YUPI&WHS,[FP] TIGARAKSA SATRIA TBK
360,[FP] TIGA RAKSA @NOMOS AERO,[FP] TIGARAKSA SATRIA TBK
361,[FP] TIGA RAKSA @QUAKER,[FP] TIGARAKSA SATRIA TBK
362,[FP] TIGA RAKSA @SARI AYU,[FP] TIGARAKSA SATRIA TBK
363,[FP] TIGA RAKSA @SGM,[FP] TIGARAKSA SATRIA TBK
364,[FP] TIGA RAKSA @SIMBA/OVALTINE,[FP] TIGARAKSA SATRIA TBK
365,[FP] TIGA RAKSA @WHISKAS,[FP] TIGARAKSA SATRIA TBK
366,[FP] TIGA RAKSA @WHISKAS/YUPI/CIP,[FP] TIGARAKSA SATRIA TBK
367,[FP] TIGA RAKSA SARI AYU,[FP] TIGARAKSA SATRIA TBK
368,[FP] TIGARAKSA SATRIA TBK,[FP] TIGARAKSA SATRIA TBK
369,[FP] PT. TOKAI DARMA INDONESIA,[FP] TOKAI DHARMA INDONESIA
370,[FP] TRIPILAR INDONESIA MAKMUR,[FP] TRIPILAR INDONESIA MAKMUR
371,[FP] TRITUNGGAL JAYA,[FP] TRITUNGGAL JAYA
372,[FP] TRIYANTO MAKMUR MANDIRI FIESTA,[FP] TRIYANTO SUKSES MANDIRI
373,[FP]  PT. TRIYANTO SUKSES MANDIRI @ KANZLER,[FP] TRIYANTO SUKSES MANDIRI
374,[FP]  PT.TRIYANTO SUKSE MANDIRI @OREO,[FP] TRIYANTO SUKSES MANDIRI
375,[FP]  TRIYANTO SUKSES MANDIRI @ MAMASUKA,[FP] TRIYANTO SUKSES MANDIRI
376,[FP] PT.TRIYANTO SUKSES MANDIRI,[FP] TRIYANTO SUKSES MANDIRI
377,[FP] TRIYANTO SUKSES MANDIRI MAMASUKA,[FP] TRIYANTO SUKSES MANDIRI
378,[FP] TRIYANTO SUKSES MANDIRI REGAL,[FP] TRIYANTO SUKSES MANDIRI
379,[FP] TRIYANTO SUKSES MANDIRI SASA,[FP] TRIYANTO SUKSES MANDIRI
380,[FP] TRIYANTO SUKSES MANDIRI SWEETY,[FP] TRIYANTO SUKSES MANDIRI
381,[FP] TRIYANTO SUKSES MANDIRI .PT /OREO,[FP] TRIYANTO SUKSES MANDIRI
382,[FP] TRIYANTO SUKSES MANDIRI KRAFT,[FP] TRIYANTO SUKSES MANDIRI
383,[FP] TRIYANTO SUKSES MANDIRI/ LASEGAR,[FP] TRIYANTO SUKSES MANDIRI
384,[FP] TULUS MAJU,[FP] TULUS MAJU
385,[FP] TULUS MAJU @PIGEON,[FP] TULUS MAJU
386,[FP] TULUS MAJU PIGEON,[FP] TULUS MAJU
387,[FP] TULUS MAJU DAHLIA,[FP] TULUS MAJU
388,[FP] TULUS MAJU KINO FOOD,[FP] TULUS MAJU
389,[FP] TULUS MAJU POCARI,[FP] TULUS MAJU
390,[FP] TULUS MAJU VAPE,[FP] TULUS MAJU
391,[FP] TULUS MAJU WCC,[FP] TULUS MAJU
392,[FP] PT TUMBAK MAS @SASA,[FP] TUMBAK MAS NIAGA SAKTI
393,[FP] TUMBAK MAS NIAGA SAKTI,[FP] TUMBAK MAS NIAGA SAKTI
394,[FP] TUNGGAL INTI KAHURIPAN,[FP] TUNGGAL INTI KAHURIPAN
395,[FP] ULTRA JAYA MILK INDUSTRI,[FP] ULTRA JAYA MILK INDUSTRI
396,[FP] UNIRAMA,[FP] UNIRAMA
397,[FP] UNITED DICO CITAS,[FP] UNITED DICO CITAS
398,[FP] VICTORIA CARE INDONESIA,[FP] VICTORIA CARE INDONESIA
399,[FP] VISTA MANDIRI GEMILANG/HICOOP,[FP] VISTA MANDIRI GEMILANG/HICOOP
400,[FP] WCC /PT.ABADI NIAGA PRIMA,[FP] WCC /PT.ABADI NIAGA PRIMA
401,[FP] WICAKSANA,[FP] WICAKSANA
402,[FP] YAKULT PT,[FP] YAKULT
403,[KB] ABANG,[KB] ABANG FAHRI
404,[KB] ABANG FAHRI,[KB] ABANG FAHRI
405,[KB] ABON AMANTI,[KB] ABON AMANTI
406,[KB] ABON KARWATI,[KB] ABON KARWATI
407,[KB] ADIK KURMA,[KB] ADIK KURMA
408,[KB] AL-IDRUS PARFUM,[KB] AL-IDRUS PARFUM
409,[KB] ANTE KRP BALADO MINANG\,[KB] ANTE KRP BALADO MINANG\
410,[KB] AR-RAYYAN JANVIERE,[KB] AR-RAYYAN JANVIERE
411,[KB] AR-RAYYAN REG,[KB] AR-RAYYAN REG
412,[KB] ARBI PD,[KB] ARBI PD
413,[KB] ARBIE FOOD,[KB] ARBIE FOOD
414,[KB] ARMELIA,[KB] ARMELIA
415,[KB] ASR INVESMENT,[KB] ASR INVESMENT
416,[KB] PT. ASR INVESTMEN,[KB] ASR INVESTMEN
417,[KB] BANDREK PINGUIN,[KB] BANDREK PINGUIN
418,[KB] BANDREK-BAJIGUR PIGEON,[KB] BANDREK-BAJIGUR
419,[KB] BANDUNG PERDANA,[KB] BANDUNG PERDANA
420,[KB] BARENG KOJO,[KB] BARENG KOJO
421,[KB] BAROKAH,[KB] BAROKAH
422,[KB] BAROKAH / PARF CASABL,[KB] BAROKAH / PARF CASABL
423,[KB] BELANJAAN,[KB] BELANJAAN
424,[KB] BERKAH,[KB] BERKAH
425,[KB] BERKAH ATK,[KB] BERKAH ATK
426,[KB] BERKAH KOSMETIK,[KB] BERKAH KOSMETIK
427,[KB] BERKAH KURMA,[KB] BERKAH KURMA
428,[KB] BERKAH RASA SEJAHTERA,[KB] BERKAH RASA SEJAHTERA
429,[KB] BERKAH SNACK,[KB] BERKAH SNACK
430,[KB] BINTANG SNACK,[KB] BINTANG SNACK
431,[KB] BU MEMEY,[KB] BU MEMEY
432,[KB] BU NANI,[KB] BU NANI
433,[KB] BU ODEH,[KB] BU ODEH
434,[KB] BUANA INDAH ABADI,[KB] BUANA INDAH ABADI
435,[KB] CAHAYA HERBAL AGENCY,[KB] CAHAYA HERBAL AGENCY
436,[KB] CAHAYA KASIBAH,[KB] CAHAYA KASIBAH
437,[KB] CALVAN JAYA,[KB] CALVAN JAYA
438,[KB] CIHANJUANG MANDIRI,[KB] CIHANJUANG MANDIRI
439,[KB] CIOMY,[KB] CIOMY
440,[KB] CITRA RASA SINGKONG,[KB] CITRA RASA SINGKONG
441,[KB] D&J SNACK,[KB] D&J SNACK
442,[KB] DAPUR MOMMY,[KB] DAPUR MOMMY
443,[KB] DEAN BERLIAN,[KB] DEAN BERLIAN
444,[KB] DEAN SNACK TIKTUK,[KB] DEAN SNACK TIKTUK
445,[KB] DELANGGU BAKERY,[KB] DELANGGU BAKERY
446,[KB] DERAS SARI JAHE,[KB] DERAS SARI JAHE
447,[KB] DHARMA MULIA MAKMUR,[KB] DHARMA MULIA MAKMUR
448,[KB] DIAMOND SURYA PRIMA,[KB] DIAMOND SURYA PRIMA
449,[KB] DISTI,[KB] DISTI
450,[KB] DISTI PERMEN,[KB] DISTI PERMEN
451,[KB] DK PARFUME,[KB] DK PARFUME
452,[KB] DZAKWAN KANTONG,[KB] DZAKWAN KANTONG
453,[KB] ERA SANTOSO ABADI @CANDYFUN,[KB] ERA SANTOSO ABADI
454,[KB] FANASHA,[KB] FANASHA
455,[KB] FATAHATI MANAJEMEN,[KB] FATAHATI MANAJEMEN
456,[KB] FIRDA,[KB] FIRDA
457,[KB] UDG PT.,[KB] G
458,[KB] UDG PRT,[KB] G PRT
459,[KB] GO FOOD FROZEN,[KB] GO FOOD FROZEN
460,[KB] GO FOOD NUGGET,[KB] GO FOOD NUGGET
461,[KB] HABBATS INTERNASIONAL,[KB] HABBATS INTERNASIONAL
462,[KB] HABBATUSSAUDA INTERNATIONAL,[KB] HABBATUSSAUDA INTERNATIONAL
463,[KB] HANAANG TEH TARIK,[KB] HANAANG TEH TARIK
464,[KB] HANIFAH FAMILY,[KB] HANIFAH FAMILY
465,[KB] HARIMURTI,[KB] HARIMURTI
466,[KB] HASNA,[KB] HASNA
467,[KB] HEGAR SARI,[KB] HEGAR SARI
468,[KB] HERBATAMA INDO PERKASA,[KB] HERBATAMA INDO PERKASA
469,[KB] HUILA SNACK,[KB] HUILA SNACK
470,[KB] IBU EDEH,[KB] IBU EDEH
471,[KB] IBU GHIYAS,[KB] IBU GHIYAS
472,[KB] IBU TUTI,[KB] IBU TUTI
473,[KB] IBU TUTI JAS HUJAN,[KB] IBU TUTI JAS HUJAN
474,[KB] IBU TUTI KOSMETIK,[KB] IBU TUTI KOSMETIK
475,[KB] IBU TUTI KURMA,[KB] IBU TUTI KURMA
476,[KB] IBU TUTI MASKER,[KB] IBU TUTI MASKER
477,[KB] IBU YUTI,[KB] IBU YUTI
478,[KB] IMPORTIRKURMA.ID,[KB] IMPORTIRKURMA.ID
479,[KB] INARA LOLIPOP,[KB] INARA LOLIPOP
480,[KB] KACANG BALI REZEKI,[KB] KACANG BALI REZEKI
481,[KB] KARUNIA AK,[KB] KARUNIA AK
482,[KB] KELINCI MAS,[KB] KELINCI MAS
483,[KB] KIKI,[KB] KIKI
484,[KB] KOPA SNACK,[KB] KOPA SNACK
485,[KB] KOPI SARONGGE,[KB] KOPI SARONGGE
486,[KB] KRIPIK AYU SNACK,[KB] KRIPIK AYU SNACK
487,[KB] KRISNA PUTRA,[KB] KRISNA PUTRA
488,[KB] KRUMIE KEMBAR,[KB] KRUMIE KEMBAR
489,[KB] KULMINASI LOKA,[KB] KULMINASI LOKA
490,[KB] L'AMON PARFUME,[KB] L'AMON PARFUME
491,[KB] LAHAN MEKAR NIAGA,[KB] LAHAN MEKAR NIAGA
492,[KB] LANTAK CAP JEMPOL,[KB] LANTAK CAP JEMPOL
493,[KB] MAC CANDY,[KB] MAC CANDY
494,[KB] MAJU LANCAR ABADI,[KB] MAJU LANCAR ABADI
495,[KB] MARLIN 168,[KB] MARLIN 168
496,[KB] MEGA RASA,[KB] MEGA RASA
497,[KB] MOMMY SNACK,[KB] MOMMY SNACK
498,[KB] MUAWANAH AL-MASOEM,[KB] MUAWANAH AL-MASOEM
499,[KB] N'OVE KONSINYASI,[KB] N'OVE KONSINYASI
500,[KB] NAPAKAH SAREREA,[KB] NAPAKAH SAREREA
501,[KB] O JAM,[KB] O JAM
502,[KB] OKE PERMEN,[KB] OKE PERMEN
503,[KB] OKE SNACK,[KB] OKE SNACK
504,[KB] PAMADE SNACK,[KB] PAMADE SNACK
505,[KB] PERDANA PD,[KB] PERDANA PD
506,[KB] PIGEON BANDREK,[KB] PIGEON BANDREK
507,[KB] CV. PINANG MAS,[KB] PINANG MAS
508,[KB] PINANG MAS,[KB] PINANG MAS
509,[KB]  PINS KACANG BAWANG,[KB] PINS KACANG BAWANG
510,[KB] PRIMA SEMESTA RAYA,[KB] PRIMA SEMESTA RAYA
511,[KB]  PUTRI UMMY SNACK,[KB] PUTRI UMMY SNACK
512,[KB] CV RA SANTOSO ABADI,[KB] RA SANTOSO ABADI
513,[KB] RAFI JAYA @,[KB] RAFI JAYA
514,[KB] RAFI JAYA N.FOOD,[KB] RAFI JAYA N.FOOD
515,[KB] RAJA PASTILES,[KB] RAJA PASTILES
516,[KB] RESTU IBU KC IJO,[KB] RESTU IBU KC IJO
517,[KB] RIANATI ABON,[KB] RIANATI ABON
518,[KB] SALE PISANG LANCAR JAYA,[KB] SALE PISANG LANCAR JAYA
519,[KB] SARI JAYA,[KB] SARI JAYA
520,[KB] SAWARGI,[KB] SAWARGI
521,[KB] SEBLAK UMI,[KB] SEBLAK UMI
522,[KB] SELAMAT BAROKAH,[KB] SELAMAT BAROKAH
523,[KB] SEMBILAN NAGA,[KB] SEMBILAN NAGA
524,[KB] SI ACCESORIS,[KB] SI ACCESORIS
525,[KB] SIFA,[KB] SIFA
526,[KB] SIFA BANDREK-BAJIGUR,[KB] SIFA BANDREK-BAJIGUR
527,[KB] SINERGI MULTI DISTRINDO /HOTWHEELS,[KB] SINERGI MULTI DISTRINDO /HOTWHEELS
528,[KB] SIPETEK,[KB] SIPETEK
529,[KB] SUHADA,[KB] SUHADA
530,[KB] SURYA MART,[KB] SURYA MART
531,[KB] TALIPURNA/AS,[KB] TALIPURNA/AS
532,[KB] TANDI UTAMA PERKASA,[KB] TANDI UTAMA PERKASA
533,[KB] TAQINION BAGOR,[KB] TAQINION BAGOR
534,[KB] TASIKMALAYA MAKRONI BANTET,[KB] TASIKMALAYA MAKRONI BANTET
535,[KB] TASTY LEMON,[KB] TASTY LEMON
536,[KB] TELUR ASIN BAKAR,[KB] TELUR ASIN BAKAR
537,[KB] THERUKO KUE,[KB] THERUKO KUE
538,[KB] TOKO A,[KB] TOKO A
539,[KB] TUNAS MEKAR,[KB] TUNAS MEKAR
540,[KB] TUNAS MEKAR / PHILLIPS,[KB] TUNAS MEKAR / PHILLIPS
541,[KB] UKM KONSINYASI,[KB] UKM KONSINYASI
542,[KB] UMKM CILAKU,[KB] UMKM CILAKU
543,[KB] UNIBIS,[KB] UNIBIS
544,[KB] UD WILLIS,[KB] WILLIS
545,[KB] YUTI IBU BUMBU PECEL,[KB] YUTI IBU BUMBU PECEL
546,[KB] ZANANA,[KB] ZANANA
547,[KH] ASEP PUTU MAYANG,[KH] ASEP PUTU MAYANG
548,[KH] BU TUTI KUE BASAH,[KH] BU TUTI KUE BASAH
549,[KH] IBU ALIT MANISAN,[KH] IBU ALIT MANISAN
550,[KH] PA ASEP /AS,[KH] PA ASEP /AS
551,[KM] ABDI JAYA,[KM] ABDI JAYA
552,[KM] ADONAI ALFA OMEGA,[KM] ADONAI ALFA OMEGA
553,[KM] BERKAH YURO BAKERY,[KM] BERKAH YURO BAKERY
554,[KM] BORY BAKERY,[KM] BORY BAKERY
555,[KM] BUNGA SARI,[KM] BUNGA SARI
556,[KM] DAKEPI BAKERY,[KM] DAKEPI BAKERY
557,[KM] DIAZ BAKERY,[KM] DIAZ BAKERY
558,[KM] GARMELIA,[KM] GARMELIA
559,"[KM] GITA SNACK,PT",[KM] GITA SNACK
560,[KM] LADU RAOS,[KM] LADU RAOS
561,[KM] MARLIA JAYA,[KM] MARLIA JAYA
562,[KM] MERY BROWNIES,[KM] MERY BROWNIES
563,"[KM] MULTI STAR RUKUN ABADI,PT/SHARON","[KM] MULTI STAR RUKUN ABADI,PT/SHARON"
564,[KM] NASARI BAKERY,[KM] NASARI BAKERY
565,[KM] QUT QUT BAKERI,[KM] QUT QUT BAKERI
566,[KM] RAHMA TELUR ASIN,[KM] RAHMA TELUR ASIN
567,[KM] RENGGANIS BOLEN,[KM] RENGGANIS BOLEN
568,[KM] RIZKY BAKERY,[KM] RIZKY BAKERY
569,[KM] SHARON BACKERY,[KM] SHARON BACKERY
570,[KM] SHARON BACKERY [KERING],[KM] SHARON BACKERY [KERING]
571,[KM] SONAGAR BAKERY,[KM] SONAGAR BAKERY
572,[KM] SUHADA,[KM] SUHADA
573,[KM] SUMBER SARI ROTI,[KM] SUMBER SARI ROTI
574,[KM] TAJHAL RWY TELUR ASIN,[KM] TAJHAL RWY TELUR ASIN
575,[KM] TAUCO BIRUANG,[KM] TAUCO BIRUANG
576,[KM] THERUKO BOLU,[KM] THERUKO BOLU
577,[KM] TRESNA BROWNIES,[KM] TRESNA BROWNIES
578,[KM] UKM KONSINYASI,[KM] UKM KONSINYASI
579,[KM] YD TELUR ASIN,[KM] YD TELUR ASIN
580,[KP] ADONAI ALFA OMEGA,[KP] ADONAI ALFA OMEGA
581,[KP] PT. GELORA NUSANTARA PERSADA,[KP] GELORA NUSANTARA PERSADA
582,[KP] GONUSA 5D CROISANT,[KP] GONUSA 5D CROISANT
583,[KP] HAILAI CITRA BOGA,[KP] HAILAI CITRA BOGA
584,[KP] MULTI RONA ANUGERAH / RANEE COSMETIK,[KP] MULTI RONA ANUGERAH / RANEE COSMETIK
585,[KP] PT.MULTI RONA ANUGERAH /RANEE,[KP] MULTI RONA ANUGERAH /RANEE
586,[KP] NIPPON INDOSARI CORPINDO,[KP] NIPPON INDOSARI CORPINDO
587,[KP] SWANISH BOGA INDUSTRIA,[KP] SWANISH BOGA INDUSTRIA
588,[KT] AGRI MADANI LESTARI,[KT] AGRI MADANI LESTARI
589,[KT] AL-RAQEEB UNIVERSAL GROUP @BINALI,[KT] AL-RAQEEB UNIVERSAL GROUP
590,[KT] HARIMURTI,[KT] HARIMURTI
591,[KT] KELINDO LESTARI,[KT] KELINDO LESTARI
592,[KT] KURMA HIKMAH,[KT] KURMA HIKMAH
593,[KT] LURIQ DESIGN,[KT] LURIQ DESIGN
594,[NF] ASEAN NIAGA,[NF] ASEAN NIAGA
595,[NF] AURA JAYA,[NF] AURA JAYA
596,[NF] BAROKAH,[NF] BAROKAH
597,[NF] BELITUNG MAKMUR,[NF] BELITUNG MAKMUR
598,[NF] BERNARD HENDRIK,[NF] BERNARD HENDRIK
599,[NF] BESTWAY STATIONARY,[NF] BESTWAY STATIONARY
600,[NF] BILSENA CSARINDO FOOD,[NF] BILSENA CSARINDO FOOD
601,[NF] BINTANG TIMUR,[NF] BINTANG TIMUR
602,[NF] BORWITA [KARTIKASARI],[NF] BORWITA [KARTIKASARI]
603,[NF] BUNNY SUKSES SELALU,[NF] BUNNY SUKSES SELALU
604,[NF] DJA.,[NF] DJA
605,[NF]  DT FRESH,[NF] DT FRESH
606,[NF] DUTA CITRA,[NF] DUTA CITRA
607,[NF] EVELINE,[NF] EVELINE
608,[NF] FAMILY,[NF] FAMILY
609,[NF] FAMILY AQUA/RAS,[NF] FAMILY
610,[NF] FROFIT PANCI,[NF] FROFIT PANCI
611,[NF] HOLYSON,[NF] HOLYSON BANDUNG
612,[NF] HOLYSON BANDUNG,[NF] HOLYSON BANDUNG
613,[NF]  KK SAHLA,[NF] KK SAHLA
614,[NF] KK SAHLA / SCARLET & IMPLORA,[NF] KK SAHLA / SCARLET & IMPLORA
615,[NF] KOPONTREN DAARUT TAUHID,[NF] KOPONTREN DAARUT TAUHID
616,[NF] UD LEMBANG / MS,[NF] LEMBANG / MS
617,[NF] MEGA UTAMA SNACK .PT,[NF] MEGA UTAMA SNACK
618,[NF] MEGA UTAMA SNACK PT.,[NF] MEGA UTAMA SNACK
619,"[NF] MEGA UTAMA SNACK,PT",[NF] MEGA UTAMA SNACK
620,[NF] MITRA PANGAN RAHAYU,[NF] MITRA PANGAN RAHAYU
621,[NF] OTO,[NF] OTO
622,[NF] PERDANA,[NF] PERDANA
623,[NF] PERDANA PD/AULIA JAYA BDG,[NF] PERDANA
624,[NF] PROFIT FANCY,[NF] PROFIT FANCY
625,[NF] PUTRA BUANA KARYATAMA,[NF] PUTRA BUANA KARYATAMA
626,[NF] RAFI JAYA,[NF] RAFI JAYA
627,[NF] REZA JAM,[NF] REZA JAM
628,[NF] SAGITARIUS,[NF] SAGITARIUS
629,[NF] SAKURA SNACK,[NF] SAKURA SNACK
630,[NF] SINAR LAUT,[NF] SINAR LAUT
631,[NF] SINAR PURNAMA.PT,[NF] SINAR PURNAMA
632,[NF] TALAGA SALIRA INDOTRADING,[NF] TALAGA SALIRA INDOTRADING
633,[NF] VELYN,[NF] VELYN
634,[NF] WANI SUGIH,[NF] WANI SUGIH
635,[SM] SELAMAT CIPAYUNG,[SM] SM-3 JOGLO
636,[SM] SELAMAT JOGLO,[SM] SM-3 JOGLO
637,[SM] SELAMAT TIGA CIANJUR,[SM] SM-3 JOGLO
638,[SM] SM 3 CIANJUR,[SM] SM-3 JOGLO
639,[SM] SM-3 JOGLO,[SM] SM-3 JOGLO
640,[SM] SM-GROSIR,[SM] SM-GROSIR
641,[SM] SM-PH JUNCTION,[SM] SM-PH JUNCTION
642,[SM] SM-SUKABUMI,[SM] SM-SUKABUMI
643,[SM] SM-V CIPANAS,[SM] SM-V CIPANAS
644,[SM] SM3-JOGLO,[SM] SM-3 JOGLO
